scene,method,n_segs_left,n_segs_right,n_matches,n_3d,time_detect,time_desc,time_match,time_triang,time_total,reproj_median,reproj_mean,reproj_max,length_median,length_mean,depth_median
Adirondack,midpoint,2065,2049,1521,148,1.5266577729998971,2.160226034000516,0.5301128179999068,0.06497355900501134,4.281970184005331,125.07760610039392,973.4737159615321,476879.67082402477,374.5000691098778,3059.526618680438,477.6290980577811
Adirondack,plane,2065,2049,1521,164,1.636530818999745,1.8943267470021965,0.4414627890000702,0.06231724999815924,4.034637605000171,127.38895694965726,13307.23728333467,18885933.100948386,458.1982516042479,16349.137075785344,498.30161869443873
Adirondack,opencv,2065,2049,1521,148,1.4019901830033632,1.8232040619986947,0.4062977189969388,0.048571131002972834,3.6800630950019695,125.07760610039622,973.4737159615327,476879.67082402477,374.50006910986065,3059.5266188684313,477.6290980577819
